{
    "materials": [{
        "colorEmissive": [0,0,0],
        "DbgColor": 15658734,
        "opacity": 1,
        "DbgName": "kanagu.010",
        "wireframe": false,
        "depthTest": true,
        "depthWrite": true,
        "colorAmbient": [0.291225,0.203448,0.11319],
        "specularCoef": 511,
        "DbgIndex": 0,
        "vertexColors": false,
        "blending": "NormalBlending",
        "transparent": false,
        "visible": true,
        "colorDiffuse": [0.291225,0.203448,0.11319],
        "colorSpecular": [0.08,0.08,0.08],
        "shading": "phong"
    }],
    "normals": [0.707083,0,-0.707083,-0.707083,0,-0.707083,-0.904508,-0.301492,0.301492,-0.904508,0.301492,0.301492,0.904508,0.301492,0.301492,0.904508,-0.301492,0.301492,0.904508,-0.301492,-0.301492,0.904508,0.301492,-0.301492,-0.904508,0.301492,-0.301492,-0.904508,-0.301492,-0.301492,0.707083,0,0.707083,-0.707083,0,0.707083,0.707083,0.707083,0,-0.707083,0.707083,0,0.577349,0.577349,-0.577349,-0.577349,0.577349,-0.577349,0.577349,0.577349,0.577349,-0.577349,0.577349,0.577349,0.707083,-0.707083,0,-0.707083,-0.707083,0,0.577349,-0.577349,-0.577349,-0.577349,-0.577349,-0.577349,0.577349,-0.577349,0.577349,-0.577349,-0.577349,0.577349],
    "colors": [],
    "uvs": [[0.827506,0.569925,0.482519,0.189975,0.483438,0.18875,0.827812,0.56625,0.859375,0.1875,0.578125,0.0625,0.579484,0.060688,0.859828,0.182063,0.862188,0.18875,0.831256,0.570025,0.830956,0.573725,0.862632,0.183276,0.477583,0.182333,0.573344,0.060375,0.476654,0.183516,0.574719,0.058624]],
    "faces": [43,18,17,5,4,0,0,1,1,0,0,0,1,1,43,0,2,16,19,0,3,2,2,3,2,3,4,5,43,2,0,4,5,0,2,3,0,1,3,2,1,1,43,16,17,18,19,0,2,1,0,3,4,0,0,5,43,22,21,3,1,0,4,5,5,4,6,7,8,9,43,20,23,6,7,0,6,7,7,6,10,10,11,11,43,7,6,1,3,0,6,7,4,5,11,11,9,8,43,20,21,22,23,0,6,5,4,7,10,7,6,10,43,1,0,19,22,0,4,3,3,4,9,2,5,6,43,24,25,8,9,0,8,9,9,8,12,12,13,13,43,0,1,9,8,0,3,4,8,9,2,9,13,13,43,24,22,19,25,0,8,4,3,9,12,6,5,12,43,26,18,4,10,0,10,0,0,10,14,0,1,15,43,25,26,10,8,0,9,10,10,9,12,14,15,13,43,4,0,8,10,0,0,3,9,10,1,2,13,15,43,25,19,18,26,0,9,3,0,10,12,5,0,14,43,23,27,11,6,0,7,11,11,7,10,16,17,11,43,27,24,9,11,0,11,8,8,11,16,12,13,17,43,11,9,1,6,0,11,8,4,7,17,13,9,11,43,27,23,22,24,0,11,7,4,8,16,10,6,12,43,21,16,2,3,0,5,2,2,5,7,4,3,8,43,29,28,13,12,0,12,13,13,12,18,18,19,19,43,2,12,13,3,0,2,12,13,5,3,19,19,8,43,16,21,28,29,0,2,5,13,12,4,7,18,18,43,30,29,12,14,0,14,12,12,14,20,18,19,21,43,17,30,14,5,0,1,14,14,1,0,20,21,1,43,5,14,12,2,0,1,14,12,2,1,21,19,3,43,17,16,29,30,0,1,2,12,14,0,4,18,20,43,31,20,7,15,0,15,6,6,15,22,10,11,23,43,28,31,15,13,0,13,15,15,13,18,22,23,19,43,3,13,15,7,0,5,13,15,6,8,19,23,11,43,21,20,31,28,0,5,6,15,13,7,10,22,18,43,50,49,37,36,0,0,1,1,0,0,0,1,1,43,48,51,32,34,0,2,3,3,2,4,5,2,3,43,34,32,36,37,0,2,3,0,1,3,2,1,1,43,48,49,50,51,0,2,1,0,3,4,0,0,5,43,54,53,35,33,0,4,5,5,4,6,7,8,9,43,52,55,38,39,0,6,7,7,6,10,10,11,11,43,39,38,33,35,0,6,7,4,5,11,11,9,8,43,52,53,54,55,0,6,5,4,7,10,7,6,10,43,51,54,33,32,0,3,4,4,3,5,6,9,2,43,56,57,40,41,0,8,9,9,8,12,12,13,13,43,41,40,32,33,0,8,9,3,4,13,13,2,9,43,56,54,51,57,0,8,4,3,9,12,6,5,12,43,58,50,36,42,0,10,0,0,10,14,0,1,15,43,57,58,42,40,0,9,10,10,9,12,14,15,13,43,40,42,36,32,0,9,10,0,3,13,15,1,2,43,57,51,50,58,0,9,3,0,10,12,5,0,14,43,55,59,43,38,0,7,11,11,7,10,16,17,11,43,59,56,41,43,0,11,8,8,11,16,12,13,17,43,43,41,33,38,0,11,8,4,7,17,13,9,11,43,59,55,54,56,0,11,7,4,8,16,10,6,12,43,53,48,34,35,0,5,2,2,5,7,4,3,8,43,61,60,45,44,0,12,13,13,12,18,18,19,19,43,34,44,45,35,0,2,12,13,5,3,19,19,8,43,48,53,60,61,0,2,5,13,12,4,7,18,18,43,62,61,44,46,0,14,12,12,14,20,18,19,21,43,49,62,46,37,0,1,14,14,1,0,20,21,1,43,37,46,44,34,0,1,14,12,2,1,21,19,3,43,49,48,61,62,0,1,2,12,14,0,4,18,20,43,63,52,39,47,0,15,6,6,15,22,10,11,23,43,60,63,47,45,0,13,15,15,13,18,22,23,19,43,35,45,47,39,0,5,13,15,6,8,19,23,11,43,53,52,63,60,0,5,6,15,13,7,10,22,18],
    "metadata": {
        "generator": "io_three",
        "normals": 24,
        "faces": 64,
        "vertices": 64,
        "version": 3,
        "materials": 1,
        "colors": 0,
        "uvs": 1,
        "type": "Geometry"
    },
    "name": "\u7121\u984c.014Geometry",
    "vertices": [-3.7975,1.16,-1.75057,-3.7975,1.16,1.96875,-3.7975,-1.12,-1.75057,-3.7975,-1.12,1.96875,-3.7975,1.16,-1.93666,-3.7975,-1.12,-1.93666,-3.7975,1.16,2.17215,-3.7975,-1.12,2.17215,-3.7975,1.3328,-1.75057,-3.7975,1.3328,1.96875,-3.7975,1.3328,-1.93666,-3.7975,1.3328,2.17215,-3.7975,-1.30876,-1.75057,-3.7975,-1.30876,1.96875,-3.7975,-1.30876,-1.93666,-3.7975,-1.30876,2.17215,-3.7275,-1.12,-1.75057,-3.7275,-1.12,-1.93666,-3.7275,1.16,-1.93666,-3.7275,1.16,-1.75057,-3.7275,-1.12,2.17215,-3.7275,-1.12,1.96875,-3.7275,1.16,1.96875,-3.7275,1.16,2.17215,-3.7275,1.3328,1.96875,-3.7275,1.3328,-1.75057,-3.7275,1.3328,-1.93666,-3.7275,1.3328,2.17215,-3.7275,-1.30876,1.96875,-3.7275,-1.30876,-1.75057,-3.7275,-1.30876,-1.93666,-3.7275,-1.30876,2.17215,-3.6275,1.16,-1.75057,-3.6275,1.16,1.96875,-3.6275,-1.12,-1.75057,-3.6275,-1.12,1.96875,-3.6275,1.16,-1.93666,-3.6275,-1.12,-1.93666,-3.6275,1.16,2.17215,-3.6275,-1.12,2.17215,-3.6275,1.3328,-1.75057,-3.6275,1.3328,1.96875,-3.6275,1.3328,-1.93666,-3.6275,1.3328,2.17215,-3.6275,-1.30876,-1.75057,-3.6275,-1.30876,1.96875,-3.6275,-1.30876,-1.93666,-3.6275,-1.30876,2.17215,-3.5575,-1.12,-1.75057,-3.5575,-1.12,-1.93666,-3.5575,1.16,-1.93666,-3.5575,1.16,-1.75057,-3.5575,-1.12,2.17215,-3.5575,-1.12,1.96875,-3.5575,1.16,1.96875,-3.5575,1.16,2.17215,-3.5575,1.3328,1.96875,-3.5575,1.3328,-1.75057,-3.5575,1.3328,-1.93666,-3.5575,1.3328,2.17215,-3.5575,-1.30876,1.96875,-3.5575,-1.30876,-1.75057,-3.5575,-1.30876,-1.93666,-3.5575,-1.30876,2.17215]
}